{
  "R": 0.0006288229577545304,
  "i": 0.08843537414965986,
  "d": 0.022980620819756475,
  "c": 0.04075916080718001,
  "u": 0.07465843480249243,
  "l": 0.04476076144743612,
  "s": 0.07900302978334191,
  "p": 0.026982221460012577,
  "a": 0.07683073229291716,
  "r": 0.05322128851540616,
  "t": 0.07380094895100897,
  "e": 0.09472360372720517,
  "n": 0.056365403304178816,
  "o": 0.04270279540387584,
  "v": 0.010632824558394786,
  "q": 0.010861487452123706,
  ";": 0.0006288229577545304,
  "m": 0.0399588406791288,
  "b": 0.013719773623735209,
  ".": 0.01452009375178643,
  "I": 0.0006288229577545304,
  "V": 0.0012004801920768306,
  "g": 0.010518493111530327,
  ",": 0.0059452352369519235,
  "h": 0.007431544046189904,
  "j": 0.0006859886811867604,
  "G": 0.00011433144686446007,
  "f": 0.007202881152460984,
  "N": 0.0009146515749156805,
  "S": 0.0009718172983479105,
  "E": 0.001714971702966901,
  "P": 0.001714971702966901,
  "M": 0.0012576459155090609,
  "y": 0.001829303149831361,
  "A": 0.001714971702966901,
  "D": 0.0008003201280512205,
  "H": 0.0006859886811867604,
  "C": 0.0013719773623735209,
  "O": 0.00028582861716115016,
  "Q": 0.0003429943405933802,
  "L": 0.0014863088092379809,
  "F": 0.0005716572343223003,
  "U": 0.00040016006402561027,
  "B": 0.00011433144686446007,
  "T": 0.0007431544046189904,
  "т": 0.0831761275938947
}